{"A": [[0.9333566633395628, 0.01103244252156282, 0.005402207425882873, 0.01809065678628621, 0.0, 0.0, 0.0, 0.03211802992667212], [0.0, 0.7193869465514662, 0.09416669444788915, 0.18644635900063686, 0.0, 0.0, 0.0, 0.0], [0.0, 0.00936279967899984, 0.6906360017323568, 0.3000011985886497, 0.0, 0.0, 0.0, 0.0], [0.0, 0.0, 0.0, 0.818876966584389, 0.10256336016241813, 0.07051835149918183, 0.008041321754044537, 0.0], [0.0, 0.0, 0.0, 0.339576201220169, 0.6604237987798329, 0.0, 0.0, 0.0], [0.02486921570022573, 0.0, 0.0, 0.0, 0.0, 0.8297020797099329, 0.020009309213736146, 0.1254193953760944], [0.04706930084107924, 0.0, 0.0, 0.0, 0.0, 0.0, 0.7954849053979771, 0.15744579376093787], [0.024476219294597125, 0.01663701651803622, 0.0021604196980267542, 0.0031829456783038917, 0.0, 0.0, 0.0, 0.9535433988110384]], "pi": [4.286609069392223e-21, 3.3861720589773744e-73, 8.76132292918336e-97, 4.921185365249208e-46, 1.4352208461521468e-83, 1.142017135304442e-15, 1.2293071078569112e-66, 0.9999999999999988], "type": "PoissonHMM", "nummodels": 2, "means": [[2.262035162285845, 8.163189229113502, 3.3282980343378217, 1.5851141085419105, 1.4139957744584373, 7.031383570304953, 5.655154074779952, 7.579711904571825], [0.05142028416932852, 4.435457522192133, 10.103262131534576, 0.9660445924793699, 4.185633408322076, 2.0304494874926644, 15.989179995719068, 0.07158003033016537]]}