{"A": [[0.955669374838938, 0.001636418254180843, 0.001976523146520071, 0.013611876464854884, 0.0, 0.0, 0.0, 0.027105807295577527], [0.0, 0.6986665903078294, 0.09023102348286371, 0.21110238620924862, 0.0, 0.0, 0.0, 0.0], [0.0, 0.0009248375623225045, 0.7393858648492424, 0.259689297588462, 0.0, 0.0, 0.0, 0.0], [0.0, 0.0, 0.0, 0.8055249443414636, 0.11274970115855175, 0.07182600248779931, 0.009899352012125185, 0.0], [0.0, 0.0, 0.0, 0.33411458859636256, 0.6658854114036333, 0.0, 0.0, 0.0], [0.0325979826150281, 0.0, 0.0, 0.0, 0.0, 0.8274449554495671, 0.025983206237118826, 0.1139738556982826], [0.02579011920562766, 0.0, 0.0, 0.0, 0.0, 0.0, 0.7862921084814797, 0.18791777231286969], [0.024611701650148143, 0.014276698751751376, 0.0005612330665489522, 0.004543945409572895, 0.0, 0.0, 0.0, 0.9560064211219765]], "pi": [0.9999999999999998, 1.284976218395262e-73, 3.614483817277054e-70, 9.34046257735857e-34, 1.8756890223840902e-53, 1.1417550689254173e-27, 1.1281057082126241e-49, 1.4212698760174975e-23], "type": "PoissonHMM", "nummodels": 2, "means": [[1.5515654758653477, 8.04147228254903, 2.2898085925767573, 1.543434576012847, 1.3399505600042598, 6.74351858276099, 6.084533056373162, 7.059691590977292], [0.012691970263571193, 5.189231103466354, 10.913207847836963, 0.9631937584097062, 4.249080978008062, 1.759659102532595, 10.25157302837662, 0.05475561818063297]]}