{"A": [[0.9540798932734107, 0.0036754608432299296, 0.0016685677986566878, 0.013229628663223547, 0.0, 0.0, 0.0, 0.02734644942146554], [0.0, 0.7046602346652054, 0.09485672060332292, 0.2004830447313731, 0.0, 0.0, 0.0, 0.0], [0.0, 0.015662239827721615, 0.7043841050163722, 0.2799536551558008, 0.0, 0.0, 0.0, 0.0], [0.0, 0.0, 0.0, 0.8166027425554936, 0.10494596425739403, 0.07237453620966221, 0.0060767569774386855, 0.0], [0.0, 0.0, 0.0, 0.3277970009411584, 0.6722029990588788, 0.0, 0.0, 0.0], [0.02801886325559971, 0.0, 0.0, 0.0, 0.0, 0.814348096465216, 0.02200111361636633, 0.13563192666289434], [0.026779296402235225, 0.0, 0.0, 0.0, 0.0, 0.0, 0.781970887922482, 0.19124981567513663], [0.02371792867773523, 0.014806635831698198, 0.00126665978589081, 0.00353490556218259, 0.0, 0.0, 0.0, 0.9566738701424408]], "pi": [9.988795650308124e-188, 2.1417983523432764e-35, 5.6026379593789695e-101, 5.0804252370657e-63, 1.3404481143355041e-179, 0.00011272410772114228, 0.9998872758922788, 5.198344755192817e-115], "type": "PoissonHMM", "nummodels": 2, "means": [[1.6512903140819455, 7.9839306256091565, 3.1560885526535905, 1.5690396513268343, 1.3708264409157531, 6.7633862839482575, 6.1436073875366475, 7.256093493152087], [0.015614171092392753, 4.290795623197914, 10.58674913283064, 0.9245745667693366, 4.0832227278188995, 2.022390009677796, 13.866652644039325, 0.059906295584388154]]}