{"A": [[0.9139653576637423, 0.006954098843707252, 0.011911957376326797, 0.041259844494417705, 0.0, 0.0, 0.0, 0.0, 0.02590874162180672], [0.0, 0.590751049200637, 0.08466062039207131, 0.3245883304072642, 0.0, 0.0, 0.0, 0.0, 0.0], [0.0, 0.008234130882113708, 0.7707547825939126, 0.22101108652396842, 0.0, 0.0, 0.0, 0.0, 0.0], [0.0, 0.0, 0.0, 0.45981761601799453, 0.32061153549304566, 0.07706624682154471, 0.13558909812130365, 0.0069155035460985595, 0.0], [0.0, 0.0, 0.0, 0.35314866025773345, 0.6468513397422645, 0.0, 0.0, 0.0, 0.0], [0.0, 0.0, 0.0, 0.0, 0.0, 0.7745155163303072, 0.16317738641503254, 0.005720387779296942, 0.05658670947536278], [0.07191658117792571, 0.0, 0.0, 0.0, 0.0, 0.0, 0.5530339265897893, 0.06872270430092248, 0.3063267879313419], [0.027747248018871046, 0.0, 0.0, 0.0, 0.0, 0.0, 0.2565633512816379, 0.6794407387931715, 0.036248661906335924], [0.02451799437842701, 0.04517657253613928, 0.0005695196052356593, 0.012321057138766469, 0.0, 0.0, 0.0, 0.0, 0.9174148563414254]], "pi": [1.3978581817700176e-25, 2.2986695405214128e-80, 4.1773050156697097e-103, 6.736013226273858e-38, 3.2387733002797515e-92, 9.971034638805148e-12, 7.100459269505824e-35, 4.435596618183474e-83, 0.999999999990029], "type": "PoissonHMM", "nummodels": 3, "means": [[2.0795493451610167, 8.16853222664307, 1.9114862740895737, 2.5132685203505907, 1.5162497357188183, 7.827914651329266, 5.878742267381149, 5.434154548783075, 7.5373236862822734], [0.010977747952253241, 3.7853938594055654, 5.62914673806918, 0.22139702674027867, 2.5555074272570093, 0.11219235624129868, 2.8803437825560643, 16.78937076406256, 0.015228672481641252], [0.01, 6.898620103957039, 7.075421571549835, 0.01, 6.423351034319692, 0.01, 6.500168832874634, 7.738553756715074, 0.01]]}