{"A": [[0.9430285550686628, 0.016625725046248103, 0.0037838058182450276, 0.012736538851018657, 0.0, 0.0, 0.0, 0.02382537521578308], [0.0, 0.796015291202711, 0.12864242620677965, 0.07534228259051627, 0.0, 0.0, 0.0, 0.0], [0.0, 0.12148722929073587, 0.6911393251676882, 0.18737344554159488, 0.0, 0.0, 0.0, 0.0], [0.0, 0.0, 0.0, 0.8391526373520632, 0.10191765282379697, 0.04969516852796064, 0.009234541296116311, 0.0], [0.0, 0.0, 0.0, 0.34525720810136723, 0.654742791898632, 0.0, 0.0, 0.0], [0.0, 0.0, 0.0, 0.0, 0.0, 0.8502326992057976, 0.030674018654074674, 0.11909328214012978], [0.0, 0.0, 0.0, 0.0, 0.0, 0.0, 0.7551519121646958, 0.24484808783530806], [0.041766926280202586, 0.0, 0.0, 0.0, 0.0, 0.0, 0.0, 0.9582330737197899]], "pi": [1.0000000000000002, 5.501544646668626e-199, 7.71598993279504e-216, 1.0108657880471871e-110, 6.552386365340807e-164, 3.349363795661453e-86, 9.121748438840821e-124, 1.953935920947195e-46], "type": "PoissonHMM", "nummodels": 2, "means": [[1.6757222907479543, 7.739107783660103, 5.244279966573839, 1.4072954599869545, 1.3461088628032092, 6.495349799399137, 6.434511379064081, 7.074407408313029], [0.014964734772165087, 2.0931000332757055, 11.703270563331543, 1.0125493106054988, 4.845858995578499, 1.6248332509286811, 7.612391099153716, 0.06313764480537866]]}