{"A": [[0.941259939045536, 0.018578494865856412, 0.0023942365513326008, 0.013134488912021266, 0.0, 0.0, 0.0, 0.024632840625256027], [0.0, 0.7608229072685895, 0.1149324640556235, 0.12424462867579009, 0.0, 0.0, 0.0, 0.0], [0.0, 0.07960260303062862, 0.7332595375699557, 0.18713785939943575, 0.0, 0.0, 0.0, 0.0], [0.0, 0.0, 0.0, 0.833957185063935, 0.10431131406450338, 0.06173150087153966, 0.0, 0.0], [0.0, 0.0, 0.0, 0.34053609097925375, 0.6594639090207368, 0.0, 0.0, 0.0], [0.0, 0.0, 0.0, 0.0, 0.0, 0.8390405322320471, 0.03957407294377058, 0.12138539482418081], [0.0, 0.0, 0.0, 0.0, 0.0, 0.0, 0.7727211741554634, 0.2272788258445665], [0.04279149718573746, 0.0, 0.0, 0.0, 0.0, 0.0, 0.0, 0.9572085028143121]], "pi": [1.0, 9.403838665304862e-135, 1.327898957012948e-137, 2.891522524748007e-73, 1.1066037964844919e-108, 1.1665036977826822e-57, 3.9687936441470225e-87, 3.2364805091800253e-31], "type": "PoissonHMM", "nummodels": 2, "means": [[1.6922188998714303, 7.599114682321692, 3.9514355515215973, 1.4325895600767955, 1.3539684161742558, 6.650310051570183, 6.963241963379925, 7.077320159413353], [0.015867697886215813, 3.4048893676370646, 12.564313202595182, 0.9821221480081463, 4.609088747731306, 1.7940074230671719, 8.53769773581268, 0.06768152281698579]]}