{"A": [[0.9853465894694018, 0.013331448005113045, 0.0013219625254850265], [0.02205787599291733, 0.7377878703302989, 0.24015425367678367], [0.0052521401690610574, 0.008059406514374381, 0.9866884533165655]], "pi": [1.0, 2.726658461227924e-63, 3.4712072347655454e-39], "obsmodels": [[[1.0, 0.0, 0.0, 0.0, 0.0, 0.0], [0.0, 0.0, 0.0, 0.0, 0.4225143008826652, 0.5774856991173343], [0.4291551180651125, 0.03906634635209738, 0.015342965696927403, 0.16830222914087978, 0.3014772827218189, 0.046656058023164464]], [[1.0, 0.0, 0.0, 0.0, 0.0], [0.0, 0.09752447154153197, 0.3178855631612012, 0.454200027096201, 0.13038993820106565], [0.46727298210420753, 0.2618309453208811, 0.21916149643891805, 0.051734307151271974, 2.6898472148181827e-07]], [[0.9839464437871337, 0.01605355621286526], [0.8053455092790636, 0.19465449072093555], [1.0, 0.0]]]}